Timestamp,User Count,Type,Name,Requests/s,Failures/s,50%,66%,75%,80%,90%,95%,98%,99%,99.9%,99.99%,100%,Total Request Count,Total Failure Count,Total Median Response Time,Total Average Response Time,Total Min Response Time,Total Max Response Time,Total Average Content Size
1758588888,0,,Aggregated,0.000000,0.000000,N/A,N/A,N/A,N/A,N/A,N/A,N/A,N/A,N/A,N/A,N/A,0,0,0,0.0,0,0,0
1758588889,5,MQTT,CONNECT,0.000000,0.000000,0,0,0,0,0,0,0,0,0,0,0,3,0,120.0,115.81826210021973,107.10549354553223,120.51010131835938,0.0
1758588889,5,,Aggregated,0.000000,0.000000,0,0,0,0,0,0,0,0,0,0,0,3,0,120.0,115.81826210021973,107.10549354553223,120.51010131835938,0.0
1758588890,0,MQTT,CONNECT,0.000000,0.000000,120,120,120,120,120,120,120,120,120,120,120,3,0,120.0,115.81826210021973,107.10549354553223,120.51010131835938,0.0
1758588890,0,MQTT,DISCONNECT,0.000000,0.000000,0,0,0,0,0,0,0,0,0,0,0,5,0,881.798505783081,883.2485675811768,881.798505783081,884.2973709106445,0.0
1758588890,0,,Aggregated,0.000000,0.000000,880,880,880,880,880,880,880,880,880,880,880,8,0,880.0,595.4622030258179,107.10549354553223,884.2973709106445,0.0
1758588891,0,MQTT,CONNECT,0.000000,0.000000,120,120,120,120,120,120,120,120,120,120,120,3,0,120.0,115.81826210021973,107.10549354553223,120.51010131835938,0.0
1758588891,0,MQTT,DISCONNECT,0.000000,0.000000,880,880,880,880,880,880,880,880,880,880,880,5,0,881.798505783081,883.2485675811768,881.798505783081,884.2973709106445,0.0
1758588891,0,,Aggregated,0.000000,0.000000,880,880,880,880,880,880,880,880,880,880,880,8,0,880.0,595.4622030258179,107.10549354553223,884.2973709106445,0.0
1758588892,0,MQTT,CONNECT,0.000000,0.000000,120,120,120,120,120,120,120,120,120,120,120,3,0,120.0,115.81826210021973,107.10549354553223,120.51010131835938,0.0
1758588892,0,MQTT,DISCONNECT,0.000000,0.000000,880,880,880,880,880,880,880,880,880,880,880,5,0,881.798505783081,883.2485675811768,881.798505783081,884.2973709106445,0.0
1758588892,0,,Aggregated,0.000000,0.000000,880,880,880,880,880,880,880,880,880,880,880,8,0,880.0,595.4622030258179,107.10549354553223,884.2973709106445,0.0
1758588893,0,MQTT,CONNECT,0.000000,0.000000,120,120,120,120,120,120,120,120,120,120,120,3,0,120.0,115.81826210021973,107.10549354553223,120.51010131835938,0.0
1758588893,0,MQTT,DISCONNECT,0.000000,0.000000,880,880,880,880,880,880,880,880,880,880,880,5,0,881.798505783081,883.2485675811768,881.798505783081,884.2973709106445,0.0
1758588893,0,,Aggregated,0.000000,0.000000,880,880,880,880,880,880,880,880,880,880,880,8,0,880.0,595.4622030258179,107.10549354553223,884.2973709106445,0.0
1758588894,0,MQTT,CONNECT,0.000000,0.000000,120,120,120,120,120,120,120,120,120,120,120,3,0,120.0,115.81826210021973,107.10549354553223,120.51010131835938,0.0
1758588894,0,MQTT,DISCONNECT,0.000000,0.000000,880,880,880,880,880,880,880,880,880,880,880,5,0,881.798505783081,883.2485675811768,881.798505783081,884.2973709106445,0.0
1758588894,0,,Aggregated,0.000000,0.000000,880,880,880,880,880,880,880,880,880,880,880,8,0,880.0,595.4622030258179,107.10549354553223,884.2973709106445,0.0
1758588895,0,MQTT,CONNECT,0.000000,0.000000,120,120,120,120,120,120,120,120,120,120,120,3,0,120.0,115.81826210021973,107.10549354553223,120.51010131835938,0.0
1758588895,0,MQTT,DISCONNECT,0.000000,0.000000,880,880,880,880,880,880,880,880,880,880,880,5,0,881.798505783081,883.2485675811768,881.798505783081,884.2973709106445,0.0
1758588895,0,,Aggregated,0.000000,0.000000,880,880,880,880,880,880,880,880,880,880,880,8,0,880.0,595.4622030258179,107.10549354553223,884.2973709106445,0.0
1758588896,0,MQTT,CONNECT,0.000000,0.000000,120,120,120,120,120,120,120,120,120,120,120,3,0,120.0,115.81826210021973,107.10549354553223,120.51010131835938,0.0
1758588896,0,MQTT,DISCONNECT,0.000000,0.000000,880,880,880,880,880,880,880,880,880,880,880,5,0,881.798505783081,883.2485675811768,881.798505783081,884.2973709106445,0.0
1758588896,0,,Aggregated,0.000000,0.000000,880,880,880,880,880,880,880,880,880,880,880,8,0,880.0,595.4622030258179,107.10549354553223,884.2973709106445,0.0
1758588897,0,MQTT,CONNECT,0.000000,0.000000,120,120,120,120,120,120,120,120,120,120,120,3,0,120.0,115.81826210021973,107.10549354553223,120.51010131835938,0.0
1758588897,0,MQTT,DISCONNECT,0.000000,0.000000,880,880,880,880,880,880,880,880,880,880,880,5,0,881.798505783081,883.2485675811768,881.798505783081,884.2973709106445,0.0
1758588897,0,,Aggregated,0.000000,0.000000,880,880,880,880,880,880,880,880,880,880,880,8,0,880.0,595.4622030258179,107.10549354553223,884.2973709106445,0.0
1758588898,0,MQTT,CONNECT,0.000000,0.000000,120,120,120,120,120,120,120,120,120,120,120,3,0,120.0,115.81826210021973,107.10549354553223,120.51010131835938,0.0
1758588898,0,MQTT,DISCONNECT,0.000000,0.000000,880,880,880,880,880,880,880,880,880,880,880,5,0,881.798505783081,883.2485675811768,881.798505783081,884.2973709106445,0.0
1758588898,0,,Aggregated,0.000000,0.000000,880,880,880,880,880,880,880,880,880,880,880,8,0,880.0,595.4622030258179,107.10549354553223,884.2973709106445,0.0
1758588899,0,MQTT,CONNECT,0.000000,0.000000,120,120,120,120,120,120,120,120,120,120,120,3,0,120.0,115.81826210021973,107.10549354553223,120.51010131835938,0.0
1758588899,0,MQTT,DISCONNECT,0.000000,0.000000,880,880,880,880,880,880,880,880,880,880,880,5,0,881.798505783081,883.2485675811768,881.798505783081,884.2973709106445,0.0
1758588899,0,,Aggregated,0.000000,0.000000,880,880,880,880,880,880,880,880,880,880,880,8,0,880.0,595.4622030258179,107.10549354553223,884.2973709106445,0.0
1758588900,0,MQTT,CONNECT,0.000000,0.000000,120,120,120,120,120,120,120,120,120,120,120,3,0,120.0,115.81826210021973,107.10549354553223,120.51010131835938,0.0
1758588900,0,MQTT,DISCONNECT,0.000000,0.000000,880,880,880,880,880,880,880,880,880,880,880,5,0,881.798505783081,883.2485675811768,881.798505783081,884.2973709106445,0.0
1758588900,0,,Aggregated,0.000000,0.000000,880,880,880,880,880,880,880,880,880,880,880,8,0,880.0,595.4622030258179,107.10549354553223,884.2973709106445,0.0
1758588901,0,MQTT,CONNECT,0.000000,0.000000,120,120,120,120,120,120,120,120,120,120,120,3,0,120.0,115.81826210021973,107.10549354553223,120.51010131835938,0.0
1758588901,0,MQTT,DISCONNECT,0.000000,0.000000,880,880,880,880,880,880,880,880,880,880,880,5,0,881.798505783081,883.2485675811768,881.798505783081,884.2973709106445,0.0
1758588901,0,,Aggregated,0.000000,0.000000,880,880,880,880,880,880,880,880,880,880,880,8,0,880.0,595.4622030258179,107.10549354553223,884.2973709106445,0.0
1758588902,0,MQTT,CONNECT,0.000000,0.000000,120,120,120,120,120,120,120,120,120,120,120,3,0,120.0,115.81826210021973,107.10549354553223,120.51010131835938,0.0
1758588902,0,MQTT,DISCONNECT,0.000000,0.000000,880,880,880,880,880,880,880,880,880,880,880,5,0,881.798505783081,883.2485675811768,881.798505783081,884.2973709106445,0.0
1758588902,0,,Aggregated,0.000000,0.000000,880,880,880,880,880,880,880,880,880,880,880,8,0,880.0,595.4622030258179,107.10549354553223,884.2973709106445,0.0
1758588903,0,MQTT,CONNECT,0.000000,0.000000,120,120,120,120,120,120,120,120,120,120,120,3,0,120.0,115.81826210021973,107.10549354553223,120.51010131835938,0.0
1758588903,0,MQTT,DISCONNECT,0.000000,0.000000,880,880,880,880,880,880,880,880,880,880,880,5,0,881.798505783081,883.2485675811768,881.798505783081,884.2973709106445,0.0
1758588903,0,,Aggregated,0.000000,0.000000,880,880,880,880,880,880,880,880,880,880,880,8,0,880.0,595.4622030258179,107.10549354553223,884.2973709106445,0.0
1758588904,0,MQTT,CONNECT,0.000000,0.000000,120,120,120,120,120,120,120,120,120,120,120,3,0,120.0,115.81826210021973,107.10549354553223,120.51010131835938,0.0
1758588904,0,MQTT,DISCONNECT,0.000000,0.000000,880,880,880,880,880,880,880,880,880,880,880,5,0,881.798505783081,883.2485675811768,881.798505783081,884.2973709106445,0.0
1758588904,0,,Aggregated,0.000000,0.000000,880,880,880,880,880,880,880,880,880,880,880,8,0,880.0,595.4622030258179,107.10549354553223,884.2973709106445,0.0
1758588905,0,MQTT,CONNECT,0.000000,0.000000,120,120,120,120,120,120,120,120,120,120,120,3,0,120.0,115.81826210021973,107.10549354553223,120.51010131835938,0.0
1758588905,0,MQTT,DISCONNECT,0.000000,0.000000,880,880,880,880,880,880,880,880,880,880,880,5,0,881.798505783081,883.2485675811768,881.798505783081,884.2973709106445,0.0
1758588905,0,,Aggregated,0.000000,0.000000,880,880,880,880,880,880,880,880,880,880,880,8,0,880.0,595.4622030258179,107.10549354553223,884.2973709106445,0.0
1758588906,0,MQTT,CONNECT,0.000000,0.000000,120,120,120,120,120,120,120,120,120,120,120,3,0,120.0,115.81826210021973,107.10549354553223,120.51010131835938,0.0
1758588906,0,MQTT,DISCONNECT,0.000000,0.000000,880,880,880,880,880,880,880,880,880,880,880,5,0,881.798505783081,883.2485675811768,881.798505783081,884.2973709106445,0.0
1758588906,0,,Aggregated,0.000000,0.000000,880,880,880,880,880,880,880,880,880,880,880,8,0,880.0,595.4622030258179,107.10549354553223,884.2973709106445,0.0
1758588907,0,MQTT,CONNECT,0.000000,0.000000,0,0,0,0,0,0,0,0,0,0,0,3,0,120.0,115.81826210021973,107.10549354553223,120.51010131835938,0.0
1758588907,0,MQTT,DISCONNECT,0.000000,0.000000,880,880,880,880,880,880,880,880,880,880,880,5,0,881.798505783081,883.2485675811768,881.798505783081,884.2973709106445,0.0
1758588907,0,,Aggregated,0.000000,0.000000,0,0,0,0,0,0,0,0,0,0,0,8,0,880.0,595.4622030258179,107.10549354553223,884.2973709106445,0.0
1758588908,0,MQTT,CONNECT,0.000000,0.000000,0,0,0,0,0,0,0,0,0,0,0,3,0,120.0,115.81826210021973,107.10549354553223,120.51010131835938,0.0
1758588908,0,MQTT,DISCONNECT,0.000000,0.000000,0,0,0,0,0,0,0,0,0,0,0,5,0,881.798505783081,883.2485675811768,881.798505783081,884.2973709106445,0.0
1758588908,0,,Aggregated,0.000000,0.000000,0,0,0,0,0,0,0,0,0,0,0,8,0,880.0,595.4622030258179,107.10549354553223,884.2973709106445,0.0
1758588909,0,MQTT,CONNECT,0.000000,0.000000,0,0,0,0,0,0,0,0,0,0,0,3,0,120.0,115.81826210021973,107.10549354553223,120.51010131835938,0.0
1758588909,0,MQTT,DISCONNECT,0.000000,0.000000,0,0,0,0,0,0,0,0,0,0,0,5,0,881.798505783081,883.2485675811768,881.798505783081,884.2973709106445,0.0
1758588909,0,,Aggregated,0.000000,0.000000,0,0,0,0,0,0,0,0,0,0,0,8,0,880.0,595.4622030258179,107.10549354553223,884.2973709106445,0.0
1758588910,0,MQTT,CONNECT,0.000000,0.000000,0,0,0,0,0,0,0,0,0,0,0,3,0,120.0,115.81826210021973,107.10549354553223,120.51010131835938,0.0
1758588910,0,MQTT,DISCONNECT,0.000000,0.000000,0,0,0,0,0,0,0,0,0,0,0,5,0,881.798505783081,883.2485675811768,881.798505783081,884.2973709106445,0.0
1758588910,0,,Aggregated,0.000000,0.000000,0,0,0,0,0,0,0,0,0,0,0,8,0,880.0,595.4622030258179,107.10549354553223,884.2973709106445,0.0
1758588911,0,MQTT,CONNECT,0.000000,0.000000,0,0,0,0,0,0,0,0,0,0,0,3,0,120.0,115.81826210021973,107.10549354553223,120.51010131835938,0.0
1758588911,0,MQTT,DISCONNECT,0.000000,0.000000,0,0,0,0,0,0,0,0,0,0,0,5,0,881.798505783081,883.2485675811768,881.798505783081,884.2973709106445,0.0
1758588911,0,,Aggregated,0.000000,0.000000,0,0,0,0,0,0,0,0,0,0,0,8,0,880.0,595.4622030258179,107.10549354553223,884.2973709106445,0.0
1758588912,0,MQTT,CONNECT,0.000000,0.000000,0,0,0,0,0,0,0,0,0,0,0,3,0,120.0,115.81826210021973,107.10549354553223,120.51010131835938,0.0
1758588912,0,MQTT,DISCONNECT,0.000000,0.000000,0,0,0,0,0,0,0,0,0,0,0,5,0,881.798505783081,883.2485675811768,881.798505783081,884.2973709106445,0.0
1758588912,0,,Aggregated,0.000000,0.000000,0,0,0,0,0,0,0,0,0,0,0,8,0,880.0,595.4622030258179,107.10549354553223,884.2973709106445,0.0
1758588913,0,MQTT,CONNECT,0.000000,0.000000,0,0,0,0,0,0,0,0,0,0,0,3,0,120.0,115.81826210021973,107.10549354553223,120.51010131835938,0.0
1758588913,0,MQTT,DISCONNECT,0.000000,0.000000,0,0,0,0,0,0,0,0,0,0,0,5,0,881.798505783081,883.2485675811768,881.798505783081,884.2973709106445,0.0
1758588913,0,,Aggregated,0.000000,0.000000,0,0,0,0,0,0,0,0,0,0,0,8,0,880.0,595.4622030258179,107.10549354553223,884.2973709106445,0.0
1758588914,0,MQTT,CONNECT,0.000000,0.000000,0,0,0,0,0,0,0,0,0,0,0,3,0,120.0,115.81826210021973,107.10549354553223,120.51010131835938,0.0
1758588914,0,MQTT,DISCONNECT,0.000000,0.000000,0,0,0,0,0,0,0,0,0,0,0,5,0,881.798505783081,883.2485675811768,881.798505783081,884.2973709106445,0.0
1758588914,0,,Aggregated,0.000000,0.000000,0,0,0,0,0,0,0,0,0,0,0,8,0,880.0,595.4622030258179,107.10549354553223,884.2973709106445,0.0
1758588915,0,MQTT,CONNECT,0.000000,0.000000,0,0,0,0,0,0,0,0,0,0,0,3,0,120.0,115.81826210021973,107.10549354553223,120.51010131835938,0.0
1758588915,0,MQTT,DISCONNECT,0.000000,0.000000,0,0,0,0,0,0,0,0,0,0,0,5,0,881.798505783081,883.2485675811768,881.798505783081,884.2973709106445,0.0
1758588915,0,,Aggregated,0.000000,0.000000,0,0,0,0,0,0,0,0,0,0,0,8,0,880.0,595.4622030258179,107.10549354553223,884.2973709106445,0.0
1758588916,0,MQTT,CONNECT,0.000000,0.000000,0,0,0,0,0,0,0,0,0,0,0,3,0,120.0,115.81826210021973,107.10549354553223,120.51010131835938,0.0
1758588916,0,MQTT,DISCONNECT,0.000000,0.000000,0,0,0,0,0,0,0,0,0,0,0,5,0,881.798505783081,883.2485675811768,881.798505783081,884.2973709106445,0.0
1758588916,0,,Aggregated,0.000000,0.000000,0,0,0,0,0,0,0,0,0,0,0,8,0,880.0,595.4622030258179,107.10549354553223,884.2973709106445,0.0
1758588917,0,MQTT,CONNECT,0.000000,0.000000,0,0,0,0,0,0,0,0,0,0,0,3,0,120.0,115.81826210021973,107.10549354553223,120.51010131835938,0.0
1758588917,0,MQTT,DISCONNECT,0.000000,0.000000,0,0,0,0,0,0,0,0,0,0,0,5,0,881.798505783081,883.2485675811768,881.798505783081,884.2973709106445,0.0
1758588917,0,,Aggregated,0.000000,0.000000,0,0,0,0,0,0,0,0,0,0,0,8,0,880.0,595.4622030258179,107.10549354553223,884.2973709106445,0.0
1758588918,0,MQTT,CONNECT,0.000000,0.000000,0,0,0,0,0,0,0,0,0,0,0,3,0,120.0,115.81826210021973,107.10549354553223,120.51010131835938,0.0
1758588918,0,MQTT,DISCONNECT,0.000000,0.000000,0,0,0,0,0,0,0,0,0,0,0,5,0,881.798505783081,883.2485675811768,881.798505783081,884.2973709106445,0.0
1758588918,0,,Aggregated,0.000000,0.000000,0,0,0,0,0,0,0,0,0,0,0,8,0,880.0,595.4622030258179,107.10549354553223,884.2973709106445,0.0
1758588919,0,MQTT,CONNECT,0.000000,0.000000,0,0,0,0,0,0,0,0,0,0,0,3,0,120.0,115.81826210021973,107.10549354553223,120.51010131835938,0.0
1758588919,0,MQTT,DISCONNECT,0.000000,0.000000,0,0,0,0,0,0,0,0,0,0,0,5,0,881.798505783081,883.2485675811768,881.798505783081,884.2973709106445,0.0
1758588919,0,,Aggregated,0.000000,0.000000,0,0,0,0,0,0,0,0,0,0,0,8,0,880.0,595.4622030258179,107.10549354553223,884.2973709106445,0.0
1758588920,0,MQTT,CONNECT,0.000000,0.000000,0,0,0,0,0,0,0,0,0,0,0,3,0,120.0,115.81826210021973,107.10549354553223,120.51010131835938,0.0
1758588920,0,MQTT,DISCONNECT,0.000000,0.000000,0,0,0,0,0,0,0,0,0,0,0,5,0,881.798505783081,883.2485675811768,881.798505783081,884.2973709106445,0.0
1758588920,0,,Aggregated,0.000000,0.000000,0,0,0,0,0,0,0,0,0,0,0,8,0,880.0,595.4622030258179,107.10549354553223,884.2973709106445,0.0
1758588921,0,MQTT,CONNECT,0.000000,0.000000,0,0,0,0,0,0,0,0,0,0,0,3,0,120.0,115.81826210021973,107.10549354553223,120.51010131835938,0.0
1758588921,0,MQTT,DISCONNECT,0.000000,0.000000,0,0,0,0,0,0,0,0,0,0,0,5,0,881.798505783081,883.2485675811768,881.798505783081,884.2973709106445,0.0
1758588921,0,,Aggregated,0.000000,0.000000,0,0,0,0,0,0,0,0,0,0,0,8,0,880.0,595.4622030258179,107.10549354553223,884.2973709106445,0.0
1758588922,0,MQTT,CONNECT,0.000000,0.000000,0,0,0,0,0,0,0,0,0,0,0,3,0,120.0,115.81826210021973,107.10549354553223,120.51010131835938,0.0
1758588922,0,MQTT,DISCONNECT,0.000000,0.000000,0,0,0,0,0,0,0,0,0,0,0,5,0,881.798505783081,883.2485675811768,881.798505783081,884.2973709106445,0.0
1758588922,0,,Aggregated,0.000000,0.000000,0,0,0,0,0,0,0,0,0,0,0,8,0,880.0,595.4622030258179,107.10549354553223,884.2973709106445,0.0
1758588923,0,MQTT,CONNECT,0.000000,0.000000,0,0,0,0,0,0,0,0,0,0,0,3,0,120.0,115.81826210021973,107.10549354553223,120.51010131835938,0.0
1758588923,0,MQTT,DISCONNECT,0.000000,0.000000,0,0,0,0,0,0,0,0,0,0,0,5,0,881.798505783081,883.2485675811768,881.798505783081,884.2973709106445,0.0
1758588923,0,,Aggregated,0.000000,0.000000,0,0,0,0,0,0,0,0,0,0,0,8,0,880.0,595.4622030258179,107.10549354553223,884.2973709106445,0.0
1758588924,0,MQTT,CONNECT,0.000000,0.000000,0,0,0,0,0,0,0,0,0,0,0,3,0,120.0,115.81826210021973,107.10549354553223,120.51010131835938,0.0
1758588924,0,MQTT,DISCONNECT,0.000000,0.000000,0,0,0,0,0,0,0,0,0,0,0,5,0,881.798505783081,883.2485675811768,881.798505783081,884.2973709106445,0.0
1758588924,0,,Aggregated,0.000000,0.000000,0,0,0,0,0,0,0,0,0,0,0,8,0,880.0,595.4622030258179,107.10549354553223,884.2973709106445,0.0
1758588925,0,MQTT,CONNECT,0.000000,0.000000,0,0,0,0,0,0,0,0,0,0,0,3,0,120.0,115.81826210021973,107.10549354553223,120.51010131835938,0.0
1758588925,0,MQTT,DISCONNECT,0.000000,0.000000,0,0,0,0,0,0,0,0,0,0,0,5,0,881.798505783081,883.2485675811768,881.798505783081,884.2973709106445,0.0
1758588925,0,,Aggregated,0.000000,0.000000,0,0,0,0,0,0,0,0,0,0,0,8,0,880.0,595.4622030258179,107.10549354553223,884.2973709106445,0.0
1758588926,0,MQTT,CONNECT,0.000000,0.000000,0,0,0,0,0,0,0,0,0,0,0,3,0,120.0,115.81826210021973,107.10549354553223,120.51010131835938,0.0
1758588926,0,MQTT,DISCONNECT,0.000000,0.000000,0,0,0,0,0,0,0,0,0,0,0,5,0,881.798505783081,883.2485675811768,881.798505783081,884.2973709106445,0.0
1758588926,0,,Aggregated,0.000000,0.000000,0,0,0,0,0,0,0,0,0,0,0,8,0,880.0,595.4622030258179,107.10549354553223,884.2973709106445,0.0
1758588927,0,MQTT,CONNECT,0.000000,0.000000,0,0,0,0,0,0,0,0,0,0,0,3,0,120.0,115.81826210021973,107.10549354553223,120.51010131835938,0.0
1758588927,0,MQTT,DISCONNECT,0.000000,0.000000,0,0,0,0,0,0,0,0,0,0,0,5,0,881.798505783081,883.2485675811768,881.798505783081,884.2973709106445,0.0
1758588927,0,,Aggregated,0.000000,0.000000,0,0,0,0,0,0,0,0,0,0,0,8,0,880.0,595.4622030258179,107.10549354553223,884.2973709106445,0.0
1758588928,0,MQTT,CONNECT,0.000000,0.000000,0,0,0,0,0,0,0,0,0,0,0,3,0,120.0,115.81826210021973,107.10549354553223,120.51010131835938,0.0
1758588928,0,MQTT,DISCONNECT,0.000000,0.000000,0,0,0,0,0,0,0,0,0,0,0,5,0,881.798505783081,883.2485675811768,881.798505783081,884.2973709106445,0.0
1758588928,0,,Aggregated,0.000000,0.000000,0,0,0,0,0,0,0,0,0,0,0,8,0,880.0,595.4622030258179,107.10549354553223,884.2973709106445,0.0
1758588929,0,MQTT,CONNECT,0.000000,0.000000,0,0,0,0,0,0,0,0,0,0,0,3,0,120.0,115.81826210021973,107.10549354553223,120.51010131835938,0.0
1758588929,0,MQTT,DISCONNECT,0.000000,0.000000,0,0,0,0,0,0,0,0,0,0,0,5,0,881.798505783081,883.2485675811768,881.798505783081,884.2973709106445,0.0
1758588929,0,,Aggregated,0.000000,0.000000,0,0,0,0,0,0,0,0,0,0,0,8,0,880.0,595.4622030258179,107.10549354553223,884.2973709106445,0.0
1758588930,0,MQTT,CONNECT,0.000000,0.000000,0,0,0,0,0,0,0,0,0,0,0,3,0,120.0,115.81826210021973,107.10549354553223,120.51010131835938,0.0
1758588930,0,MQTT,DISCONNECT,0.000000,0.000000,0,0,0,0,0,0,0,0,0,0,0,5,0,881.798505783081,883.2485675811768,881.798505783081,884.2973709106445,0.0
1758588930,0,,Aggregated,0.000000,0.000000,0,0,0,0,0,0,0,0,0,0,0,8,0,880.0,595.4622030258179,107.10549354553223,884.2973709106445,0.0
1758588931,0,MQTT,CONNECT,0.000000,0.000000,0,0,0,0,0,0,0,0,0,0,0,3,0,120.0,115.81826210021973,107.10549354553223,120.51010131835938,0.0
1758588931,0,MQTT,DISCONNECT,0.000000,0.000000,0,0,0,0,0,0,0,0,0,0,0,5,0,881.798505783081,883.2485675811768,881.798505783081,884.2973709106445,0.0
1758588931,0,,Aggregated,0.000000,0.000000,0,0,0,0,0,0,0,0,0,0,0,8,0,880.0,595.4622030258179,107.10549354553223,884.2973709106445,0.0
1758588932,0,MQTT,CONNECT,0.000000,0.000000,0,0,0,0,0,0,0,0,0,0,0,3,0,120.0,115.81826210021973,107.10549354553223,120.51010131835938,0.0
1758588932,0,MQTT,DISCONNECT,0.000000,0.000000,0,0,0,0,0,0,0,0,0,0,0,5,0,881.798505783081,883.2485675811768,881.798505783081,884.2973709106445,0.0
1758588932,0,,Aggregated,0.000000,0.000000,0,0,0,0,0,0,0,0,0,0,0,8,0,880.0,595.4622030258179,107.10549354553223,884.2973709106445,0.0
1758588933,0,MQTT,CONNECT,0.000000,0.000000,0,0,0,0,0,0,0,0,0,0,0,3,0,120.0,115.81826210021973,107.10549354553223,120.51010131835938,0.0
1758588933,0,MQTT,DISCONNECT,0.000000,0.000000,0,0,0,0,0,0,0,0,0,0,0,5,0,881.798505783081,883.2485675811768,881.798505783081,884.2973709106445,0.0
1758588933,0,,Aggregated,0.000000,0.000000,0,0,0,0,0,0,0,0,0,0,0,8,0,880.0,595.4622030258179,107.10549354553223,884.2973709106445,0.0
1758588934,0,MQTT,CONNECT,0.000000,0.000000,0,0,0,0,0,0,0,0,0,0,0,3,0,120.0,115.81826210021973,107.10549354553223,120.51010131835938,0.0
1758588934,0,MQTT,DISCONNECT,0.000000,0.000000,0,0,0,0,0,0,0,0,0,0,0,5,0,881.798505783081,883.2485675811768,881.798505783081,884.2973709106445,0.0
1758588934,0,,Aggregated,0.000000,0.000000,0,0,0,0,0,0,0,0,0,0,0,8,0,880.0,595.4622030258179,107.10549354553223,884.2973709106445,0.0
1758588935,0,MQTT,CONNECT,0.000000,0.000000,0,0,0,0,0,0,0,0,0,0,0,3,0,120.0,115.81826210021973,107.10549354553223,120.51010131835938,0.0
1758588935,0,MQTT,DISCONNECT,0.000000,0.000000,0,0,0,0,0,0,0,0,0,0,0,5,0,881.798505783081,883.2485675811768,881.798505783081,884.2973709106445,0.0
1758588935,0,,Aggregated,0.000000,0.000000,0,0,0,0,0,0,0,0,0,0,0,8,0,880.0,595.4622030258179,107.10549354553223,884.2973709106445,0.0
1758588936,0,MQTT,CONNECT,0.000000,0.000000,0,0,0,0,0,0,0,0,0,0,0,3,0,120.0,115.81826210021973,107.10549354553223,120.51010131835938,0.0
1758588936,0,MQTT,DISCONNECT,0.000000,0.000000,0,0,0,0,0,0,0,0,0,0,0,5,0,881.798505783081,883.2485675811768,881.798505783081,884.2973709106445,0.0
1758588936,0,,Aggregated,0.000000,0.000000,0,0,0,0,0,0,0,0,0,0,0,8,0,880.0,595.4622030258179,107.10549354553223,884.2973709106445,0.0
1758588937,0,MQTT,CONNECT,0.000000,0.000000,0,0,0,0,0,0,0,0,0,0,0,3,0,120.0,115.81826210021973,107.10549354553223,120.51010131835938,0.0
1758588937,0,MQTT,DISCONNECT,0.000000,0.000000,0,0,0,0,0,0,0,0,0,0,0,5,0,881.798505783081,883.2485675811768,881.798505783081,884.2973709106445,0.0
1758588937,0,,Aggregated,0.000000,0.000000,0,0,0,0,0,0,0,0,0,0,0,8,0,880.0,595.4622030258179,107.10549354553223,884.2973709106445,0.0
1758588938,0,MQTT,CONNECT,0.000000,0.000000,0,0,0,0,0,0,0,0,0,0,0,3,0,120.0,115.81826210021973,107.10549354553223,120.51010131835938,0.0
1758588938,0,MQTT,DISCONNECT,0.000000,0.000000,0,0,0,0,0,0,0,0,0,0,0,5,0,881.798505783081,883.2485675811768,881.798505783081,884.2973709106445,0.0
1758588938,0,,Aggregated,0.000000,0.000000,0,0,0,0,0,0,0,0,0,0,0,8,0,880.0,595.4622030258179,107.10549354553223,884.2973709106445,0.0
1758588939,0,MQTT,CONNECT,0.000000,0.000000,0,0,0,0,0,0,0,0,0,0,0,3,0,120.0,115.81826210021973,107.10549354553223,120.51010131835938,0.0
1758588939,0,MQTT,DISCONNECT,0.000000,0.000000,0,0,0,0,0,0,0,0,0,0,0,5,0,881.798505783081,883.2485675811768,881.798505783081,884.2973709106445,0.0
1758588939,0,,Aggregated,0.000000,0.000000,0,0,0,0,0,0,0,0,0,0,0,8,0,880.0,595.4622030258179,107.10549354553223,884.2973709106445,0.0
1758588940,0,MQTT,CONNECT,0.000000,0.000000,0,0,0,0,0,0,0,0,0,0,0,3,0,120.0,115.81826210021973,107.10549354553223,120.51010131835938,0.0
1758588940,0,MQTT,DISCONNECT,0.000000,0.000000,0,0,0,0,0,0,0,0,0,0,0,5,0,881.798505783081,883.2485675811768,881.798505783081,884.2973709106445,0.0
1758588940,0,,Aggregated,0.000000,0.000000,0,0,0,0,0,0,0,0,0,0,0,8,0,880.0,595.4622030258179,107.10549354553223,884.2973709106445,0.0
1758588941,0,MQTT,CONNECT,0.000000,0.000000,0,0,0,0,0,0,0,0,0,0,0,3,0,120.0,115.81826210021973,107.10549354553223,120.51010131835938,0.0
1758588941,0,MQTT,DISCONNECT,0.000000,0.000000,0,0,0,0,0,0,0,0,0,0,0,5,0,881.798505783081,883.2485675811768,881.798505783081,884.2973709106445,0.0
1758588941,0,,Aggregated,0.000000,0.000000,0,0,0,0,0,0,0,0,0,0,0,8,0,880.0,595.4622030258179,107.10549354553223,884.2973709106445,0.0
1758588942,0,MQTT,CONNECT,0.000000,0.000000,0,0,0,0,0,0,0,0,0,0,0,3,0,120.0,115.81826210021973,107.10549354553223,120.51010131835938,0.0
1758588942,0,MQTT,DISCONNECT,0.000000,0.000000,0,0,0,0,0,0,0,0,0,0,0,5,0,881.798505783081,883.2485675811768,881.798505783081,884.2973709106445,0.0
1758588942,0,,Aggregated,0.000000,0.000000,0,0,0,0,0,0,0,0,0,0,0,8,0,880.0,595.4622030258179,107.10549354553223,884.2973709106445,0.0
1758588943,0,MQTT,CONNECT,0.000000,0.000000,0,0,0,0,0,0,0,0,0,0,0,3,0,120.0,115.81826210021973,107.10549354553223,120.51010131835938,0.0
1758588943,0,MQTT,DISCONNECT,0.000000,0.000000,0,0,0,0,0,0,0,0,0,0,0,5,0,881.798505783081,883.2485675811768,881.798505783081,884.2973709106445,0.0
1758588943,0,,Aggregated,0.000000,0.000000,0,0,0,0,0,0,0,0,0,0,0,8,0,880.0,595.4622030258179,107.10549354553223,884.2973709106445,0.0
1758588944,0,MQTT,CONNECT,0.000000,0.000000,0,0,0,0,0,0,0,0,0,0,0,3,0,120.0,115.81826210021973,107.10549354553223,120.51010131835938,0.0
1758588944,0,MQTT,DISCONNECT,0.000000,0.000000,0,0,0,0,0,0,0,0,0,0,0,5,0,881.798505783081,883.2485675811768,881.798505783081,884.2973709106445,0.0
1758588944,0,,Aggregated,0.000000,0.000000,0,0,0,0,0,0,0,0,0,0,0,8,0,880.0,595.4622030258179,107.10549354553223,884.2973709106445,0.0
1758588945,0,MQTT,CONNECT,0.000000,0.000000,0,0,0,0,0,0,0,0,0,0,0,3,0,120.0,115.81826210021973,107.10549354553223,120.51010131835938,0.0
1758588945,0,MQTT,DISCONNECT,0.000000,0.000000,0,0,0,0,0,0,0,0,0,0,0,5,0,881.798505783081,883.2485675811768,881.798505783081,884.2973709106445,0.0
1758588945,0,,Aggregated,0.000000,0.000000,0,0,0,0,0,0,0,0,0,0,0,8,0,880.0,595.4622030258179,107.10549354553223,884.2973709106445,0.0
1758588946,0,MQTT,CONNECT,0.000000,0.000000,0,0,0,0,0,0,0,0,0,0,0,3,0,120.0,115.81826210021973,107.10549354553223,120.51010131835938,0.0
1758588946,0,MQTT,DISCONNECT,0.000000,0.000000,0,0,0,0,0,0,0,0,0,0,0,5,0,881.798505783081,883.2485675811768,881.798505783081,884.2973709106445,0.0
1758588946,0,,Aggregated,0.000000,0.000000,0,0,0,0,0,0,0,0,0,0,0,8,0,880.0,595.4622030258179,107.10549354553223,884.2973709106445,0.0
1758588947,0,MQTT,CONNECT,0.000000,0.000000,0,0,0,0,0,0,0,0,0,0,0,3,0,120.0,115.81826210021973,107.10549354553223,120.51010131835938,0.0
1758588947,0,MQTT,DISCONNECT,0.000000,0.000000,0,0,0,0,0,0,0,0,0,0,0,5,0,881.798505783081,883.2485675811768,881.798505783081,884.2973709106445,0.0
1758588947,0,,Aggregated,0.000000,0.000000,0,0,0,0,0,0,0,0,0,0,0,8,0,880.0,595.4622030258179,107.10549354553223,884.2973709106445,0.0
1758588948,0,MQTT,CONNECT,0.000000,0.000000,0,0,0,0,0,0,0,0,0,0,0,3,0,120.0,115.81826210021973,107.10549354553223,120.51010131835938,0.0
1758588948,0,MQTT,DISCONNECT,0.000000,0.000000,0,0,0,0,0,0,0,0,0,0,0,5,0,881.798505783081,883.2485675811768,881.798505783081,884.2973709106445,0.0
1758588948,0,,Aggregated,0.000000,0.000000,0,0,0,0,0,0,0,0,0,0,0,8,0,880.0,595.4622030258179,107.10549354553223,884.2973709106445,0.0
1758588949,0,MQTT,CONNECT,0.000000,0.000000,0,0,0,0,0,0,0,0,0,0,0,3,0,120.0,115.81826210021973,107.10549354553223,120.51010131835938,0.0
1758588949,0,MQTT,DISCONNECT,0.000000,0.000000,0,0,0,0,0,0,0,0,0,0,0,5,0,881.798505783081,883.2485675811768,881.798505783081,884.2973709106445,0.0
1758588949,0,,Aggregated,0.000000,0.000000,0,0,0,0,0,0,0,0,0,0,0,8,0,880.0,595.4622030258179,107.10549354553223,884.2973709106445,0.0
1758588950,0,MQTT,CONNECT,0.000000,0.000000,0,0,0,0,0,0,0,0,0,0,0,3,0,120.0,115.81826210021973,107.10549354553223,120.51010131835938,0.0
1758588950,0,MQTT,DISCONNECT,0.000000,0.000000,0,0,0,0,0,0,0,0,0,0,0,5,0,881.798505783081,883.2485675811768,881.798505783081,884.2973709106445,0.0
1758588950,0,,Aggregated,0.000000,0.000000,0,0,0,0,0,0,0,0,0,0,0,8,0,880.0,595.4622030258179,107.10549354553223,884.2973709106445,0.0
1758588951,0,MQTT,CONNECT,0.000000,0.000000,0,0,0,0,0,0,0,0,0,0,0,3,0,120.0,115.81826210021973,107.10549354553223,120.51010131835938,0.0
1758588951,0,MQTT,DISCONNECT,0.000000,0.000000,0,0,0,0,0,0,0,0,0,0,0,5,0,881.798505783081,883.2485675811768,881.798505783081,884.2973709106445,0.0
1758588951,0,,Aggregated,0.000000,0.000000,0,0,0,0,0,0,0,0,0,0,0,8,0,880.0,595.4622030258179,107.10549354553223,884.2973709106445,0.0
1758588952,0,MQTT,CONNECT,0.000000,0.000000,0,0,0,0,0,0,0,0,0,0,0,3,0,120.0,115.81826210021973,107.10549354553223,120.51010131835938,0.0
1758588952,0,MQTT,DISCONNECT,0.000000,0.000000,0,0,0,0,0,0,0,0,0,0,0,5,0,881.798505783081,883.2485675811768,881.798505783081,884.2973709106445,0.0
1758588952,0,,Aggregated,0.000000,0.000000,0,0,0,0,0,0,0,0,0,0,0,8,0,880.0,595.4622030258179,107.10549354553223,884.2973709106445,0.0
1758588953,0,MQTT,CONNECT,0.000000,0.000000,0,0,0,0,0,0,0,0,0,0,0,3,0,120.0,115.81826210021973,107.10549354553223,120.51010131835938,0.0
1758588953,0,MQTT,DISCONNECT,0.000000,0.000000,0,0,0,0,0,0,0,0,0,0,0,5,0,881.798505783081,883.2485675811768,881.798505783081,884.2973709106445,0.0
1758588953,0,,Aggregated,0.000000,0.000000,0,0,0,0,0,0,0,0,0,0,0,8,0,880.0,595.4622030258179,107.10549354553223,884.2973709106445,0.0
1758588954,0,MQTT,CONNECT,0.000000,0.000000,0,0,0,0,0,0,0,0,0,0,0,3,0,120.0,115.81826210021973,107.10549354553223,120.51010131835938,0.0
1758588954,0,MQTT,DISCONNECT,0.000000,0.000000,0,0,0,0,0,0,0,0,0,0,0,5,0,881.798505783081,883.2485675811768,881.798505783081,884.2973709106445,0.0
1758588954,0,,Aggregated,0.000000,0.000000,0,0,0,0,0,0,0,0,0,0,0,8,0,880.0,595.4622030258179,107.10549354553223,884.2973709106445,0.0
1758588955,0,MQTT,CONNECT,0.000000,0.000000,0,0,0,0,0,0,0,0,0,0,0,3,0,120.0,115.81826210021973,107.10549354553223,120.51010131835938,0.0
1758588955,0,MQTT,DISCONNECT,0.000000,0.000000,0,0,0,0,0,0,0,0,0,0,0,5,0,881.798505783081,883.2485675811768,881.798505783081,884.2973709106445,0.0
1758588955,0,,Aggregated,0.000000,0.000000,0,0,0,0,0,0,0,0,0,0,0,8,0,880.0,595.4622030258179,107.10549354553223,884.2973709106445,0.0
1758588956,0,MQTT,CONNECT,0.000000,0.000000,0,0,0,0,0,0,0,0,0,0,0,3,0,120.0,115.81826210021973,107.10549354553223,120.51010131835938,0.0
1758588956,0,MQTT,DISCONNECT,0.000000,0.000000,0,0,0,0,0,0,0,0,0,0,0,5,0,881.798505783081,883.2485675811768,881.798505783081,884.2973709106445,0.0
1758588956,0,,Aggregated,0.000000,0.000000,0,0,0,0,0,0,0,0,0,0,0,8,0,880.0,595.4622030258179,107.10549354553223,884.2973709106445,0.0
1758588957,0,MQTT,CONNECT,0.000000,0.000000,0,0,0,0,0,0,0,0,0,0,0,3,0,120.0,115.81826210021973,107.10549354553223,120.51010131835938,0.0
1758588957,0,MQTT,DISCONNECT,0.000000,0.000000,0,0,0,0,0,0,0,0,0,0,0,5,0,881.798505783081,883.2485675811768,881.798505783081,884.2973709106445,0.0
1758588957,0,,Aggregated,0.000000,0.000000,0,0,0,0,0,0,0,0,0,0,0,8,0,880.0,595.4622030258179,107.10549354553223,884.2973709106445,0.0
1758588958,0,MQTT,CONNECT,0.000000,0.000000,0,0,0,0,0,0,0,0,0,0,0,3,0,120.0,115.81826210021973,107.10549354553223,120.51010131835938,0.0
1758588958,0,MQTT,DISCONNECT,0.000000,0.000000,0,0,0,0,0,0,0,0,0,0,0,5,0,881.798505783081,883.2485675811768,881.798505783081,884.2973709106445,0.0
1758588958,0,,Aggregated,0.000000,0.000000,0,0,0,0,0,0,0,0,0,0,0,8,0,880.0,595.4622030258179,107.10549354553223,884.2973709106445,0.0
1758588959,0,MQTT,CONNECT,0.000000,0.000000,0,0,0,0,0,0,0,0,0,0,0,3,0,120.0,115.81826210021973,107.10549354553223,120.51010131835938,0.0
1758588959,0,MQTT,DISCONNECT,0.000000,0.000000,0,0,0,0,0,0,0,0,0,0,0,5,0,881.798505783081,883.2485675811768,881.798505783081,884.2973709106445,0.0
1758588959,0,,Aggregated,0.000000,0.000000,0,0,0,0,0,0,0,0,0,0,0,8,0,880.0,595.4622030258179,107.10549354553223,884.2973709106445,0.0
1758588960,0,MQTT,CONNECT,0.000000,0.000000,0,0,0,0,0,0,0,0,0,0,0,3,0,120.0,115.81826210021973,107.10549354553223,120.51010131835938,0.0
1758588960,0,MQTT,DISCONNECT,0.000000,0.000000,0,0,0,0,0,0,0,0,0,0,0,5,0,881.798505783081,883.2485675811768,881.798505783081,884.2973709106445,0.0
1758588960,0,,Aggregated,0.000000,0.000000,0,0,0,0,0,0,0,0,0,0,0,8,0,880.0,595.4622030258179,107.10549354553223,884.2973709106445,0.0
1758588961,0,MQTT,CONNECT,0.000000,0.000000,0,0,0,0,0,0,0,0,0,0,0,3,0,120.0,115.81826210021973,107.10549354553223,120.51010131835938,0.0
1758588961,0,MQTT,DISCONNECT,0.000000,0.000000,0,0,0,0,0,0,0,0,0,0,0,5,0,881.798505783081,883.2485675811768,881.798505783081,884.2973709106445,0.0
1758588961,0,,Aggregated,0.000000,0.000000,0,0,0,0,0,0,0,0,0,0,0,8,0,880.0,595.4622030258179,107.10549354553223,884.2973709106445,0.0
1758588962,0,MQTT,CONNECT,0.000000,0.000000,0,0,0,0,0,0,0,0,0,0,0,3,0,120.0,115.81826210021973,107.10549354553223,120.51010131835938,0.0
1758588962,0,MQTT,DISCONNECT,0.000000,0.000000,0,0,0,0,0,0,0,0,0,0,0,5,0,881.798505783081,883.2485675811768,881.798505783081,884.2973709106445,0.0
1758588962,0,,Aggregated,0.000000,0.000000,0,0,0,0,0,0,0,0,0,0,0,8,0,880.0,595.4622030258179,107.10549354553223,884.2973709106445,0.0
1758588963,0,MQTT,CONNECT,0.000000,0.000000,0,0,0,0,0,0,0,0,0,0,0,3,0,120.0,115.81826210021973,107.10549354553223,120.51010131835938,0.0
1758588963,0,MQTT,DISCONNECT,0.000000,0.000000,0,0,0,0,0,0,0,0,0,0,0,5,0,881.798505783081,883.2485675811768,881.798505783081,884.2973709106445,0.0
1758588963,0,,Aggregated,0.000000,0.000000,0,0,0,0,0,0,0,0,0,0,0,8,0,880.0,595.4622030258179,107.10549354553223,884.2973709106445,0.0
1758588964,0,MQTT,CONNECT,0.000000,0.000000,0,0,0,0,0,0,0,0,0,0,0,3,0,120.0,115.81826210021973,107.10549354553223,120.51010131835938,0.0
1758588964,0,MQTT,DISCONNECT,0.000000,0.000000,0,0,0,0,0,0,0,0,0,0,0,5,0,881.798505783081,883.2485675811768,881.798505783081,884.2973709106445,0.0
1758588964,0,,Aggregated,0.000000,0.000000,0,0,0,0,0,0,0,0,0,0,0,8,0,880.0,595.4622030258179,107.10549354553223,884.2973709106445,0.0
1758588965,0,MQTT,CONNECT,0.000000,0.000000,0,0,0,0,0,0,0,0,0,0,0,3,0,120.0,115.81826210021973,107.10549354553223,120.51010131835938,0.0
1758588965,0,MQTT,DISCONNECT,0.000000,0.000000,0,0,0,0,0,0,0,0,0,0,0,5,0,881.798505783081,883.2485675811768,881.798505783081,884.2973709106445,0.0
1758588965,0,,Aggregated,0.000000,0.000000,0,0,0,0,0,0,0,0,0,0,0,8,0,880.0,595.4622030258179,107.10549354553223,884.2973709106445,0.0
1758588966,0,MQTT,CONNECT,0.000000,0.000000,0,0,0,0,0,0,0,0,0,0,0,3,0,120.0,115.81826210021973,107.10549354553223,120.51010131835938,0.0
1758588966,0,MQTT,DISCONNECT,0.000000,0.000000,0,0,0,0,0,0,0,0,0,0,0,5,0,881.798505783081,883.2485675811768,881.798505783081,884.2973709106445,0.0
1758588966,0,,Aggregated,0.000000,0.000000,0,0,0,0,0,0,0,0,0,0,0,8,0,880.0,595.4622030258179,107.10549354553223,884.2973709106445,0.0
1758588967,0,MQTT,CONNECT,0.000000,0.000000,0,0,0,0,0,0,0,0,0,0,0,3,0,120.0,115.81826210021973,107.10549354553223,120.51010131835938,0.0
1758588967,0,MQTT,DISCONNECT,0.000000,0.000000,0,0,0,0,0,0,0,0,0,0,0,5,0,881.798505783081,883.2485675811768,881.798505783081,884.2973709106445,0.0
1758588967,0,,Aggregated,0.000000,0.000000,0,0,0,0,0,0,0,0,0,0,0,8,0,880.0,595.4622030258179,107.10549354553223,884.2973709106445,0.0
1758588968,0,MQTT,CONNECT,0.000000,0.000000,0,0,0,0,0,0,0,0,0,0,0,3,0,120.0,115.81826210021973,107.10549354553223,120.51010131835938,0.0
1758588968,0,MQTT,DISCONNECT,0.000000,0.000000,0,0,0,0,0,0,0,0,0,0,0,5,0,881.798505783081,883.2485675811768,881.798505783081,884.2973709106445,0.0
1758588968,0,,Aggregated,0.000000,0.000000,0,0,0,0,0,0,0,0,0,0,0,8,0,880.0,595.4622030258179,107.10549354553223,884.2973709106445,0.0
1758588969,0,MQTT,CONNECT,0.000000,0.000000,0,0,0,0,0,0,0,0,0,0,0,3,0,120.0,115.81826210021973,107.10549354553223,120.51010131835938,0.0
1758588969,0,MQTT,DISCONNECT,0.000000,0.000000,0,0,0,0,0,0,0,0,0,0,0,5,0,881.798505783081,883.2485675811768,881.798505783081,884.2973709106445,0.0
1758588969,0,,Aggregated,0.000000,0.000000,0,0,0,0,0,0,0,0,0,0,0,8,0,880.0,595.4622030258179,107.10549354553223,884.2973709106445,0.0
1758588970,0,MQTT,CONNECT,0.000000,0.000000,0,0,0,0,0,0,0,0,0,0,0,3,0,120.0,115.81826210021973,107.10549354553223,120.51010131835938,0.0
1758588970,0,MQTT,DISCONNECT,0.000000,0.000000,0,0,0,0,0,0,0,0,0,0,0,5,0,881.798505783081,883.2485675811768,881.798505783081,884.2973709106445,0.0
1758588970,0,,Aggregated,0.000000,0.000000,0,0,0,0,0,0,0,0,0,0,0,8,0,880.0,595.4622030258179,107.10549354553223,884.2973709106445,0.0
1758588971,0,MQTT,CONNECT,0.000000,0.000000,0,0,0,0,0,0,0,0,0,0,0,3,0,120.0,115.81826210021973,107.10549354553223,120.51010131835938,0.0
1758588971,0,MQTT,DISCONNECT,0.000000,0.000000,0,0,0,0,0,0,0,0,0,0,0,5,0,881.798505783081,883.2485675811768,881.798505783081,884.2973709106445,0.0
1758588971,0,,Aggregated,0.000000,0.000000,0,0,0,0,0,0,0,0,0,0,0,8,0,880.0,595.4622030258179,107.10549354553223,884.2973709106445,0.0
1758588972,0,MQTT,CONNECT,0.000000,0.000000,0,0,0,0,0,0,0,0,0,0,0,3,0,120.0,115.81826210021973,107.10549354553223,120.51010131835938,0.0
1758588972,0,MQTT,DISCONNECT,0.000000,0.000000,0,0,0,0,0,0,0,0,0,0,0,5,0,881.798505783081,883.2485675811768,881.798505783081,884.2973709106445,0.0
1758588972,0,,Aggregated,0.000000,0.000000,0,0,0,0,0,0,0,0,0,0,0,8,0,880.0,595.4622030258179,107.10549354553223,884.2973709106445,0.0
1758588973,0,MQTT,CONNECT,0.000000,0.000000,0,0,0,0,0,0,0,0,0,0,0,3,0,120.0,115.81826210021973,107.10549354553223,120.51010131835938,0.0
1758588973,0,MQTT,DISCONNECT,0.000000,0.000000,0,0,0,0,0,0,0,0,0,0,0,5,0,881.798505783081,883.2485675811768,881.798505783081,884.2973709106445,0.0
1758588973,0,,Aggregated,0.000000,0.000000,0,0,0,0,0,0,0,0,0,0,0,8,0,880.0,595.4622030258179,107.10549354553223,884.2973709106445,0.0
1758588974,0,MQTT,CONNECT,0.000000,0.000000,0,0,0,0,0,0,0,0,0,0,0,3,0,120.0,115.81826210021973,107.10549354553223,120.51010131835938,0.0
1758588974,0,MQTT,DISCONNECT,0.000000,0.000000,0,0,0,0,0,0,0,0,0,0,0,5,0,881.798505783081,883.2485675811768,881.798505783081,884.2973709106445,0.0
1758588974,0,,Aggregated,0.000000,0.000000,0,0,0,0,0,0,0,0,0,0,0,8,0,880.0,595.4622030258179,107.10549354553223,884.2973709106445,0.0
1758588975,0,MQTT,CONNECT,0.000000,0.000000,0,0,0,0,0,0,0,0,0,0,0,3,0,120.0,115.81826210021973,107.10549354553223,120.51010131835938,0.0
1758588975,0,MQTT,DISCONNECT,0.000000,0.000000,0,0,0,0,0,0,0,0,0,0,0,5,0,881.798505783081,883.2485675811768,881.798505783081,884.2973709106445,0.0
1758588975,0,,Aggregated,0.000000,0.000000,0,0,0,0,0,0,0,0,0,0,0,8,0,880.0,595.4622030258179,107.10549354553223,884.2973709106445,0.0
1758588976,0,MQTT,CONNECT,0.000000,0.000000,0,0,0,0,0,0,0,0,0,0,0,3,0,120.0,115.81826210021973,107.10549354553223,120.51010131835938,0.0
1758588976,0,MQTT,DISCONNECT,0.000000,0.000000,0,0,0,0,0,0,0,0,0,0,0,5,0,881.798505783081,883.2485675811768,881.798505783081,884.2973709106445,0.0
1758588976,0,,Aggregated,0.000000,0.000000,0,0,0,0,0,0,0,0,0,0,0,8,0,880.0,595.4622030258179,107.10549354553223,884.2973709106445,0.0
1758588977,0,MQTT,CONNECT,0.000000,0.000000,0,0,0,0,0,0,0,0,0,0,0,3,0,120.0,115.81826210021973,107.10549354553223,120.51010131835938,0.0
1758588977,0,MQTT,DISCONNECT,0.000000,0.000000,0,0,0,0,0,0,0,0,0,0,0,5,0,881.798505783081,883.2485675811768,881.798505783081,884.2973709106445,0.0
1758588977,0,,Aggregated,0.000000,0.000000,0,0,0,0,0,0,0,0,0,0,0,8,0,880.0,595.4622030258179,107.10549354553223,884.2973709106445,0.0
1758588978,0,MQTT,CONNECT,0.000000,0.000000,0,0,0,0,0,0,0,0,0,0,0,3,0,120.0,115.81826210021973,107.10549354553223,120.51010131835938,0.0
1758588978,0,MQTT,DISCONNECT,0.000000,0.000000,0,0,0,0,0,0,0,0,0,0,0,5,0,881.798505783081,883.2485675811768,881.798505783081,884.2973709106445,0.0
1758588978,0,,Aggregated,0.000000,0.000000,0,0,0,0,0,0,0,0,0,0,0,8,0,880.0,595.4622030258179,107.10549354553223,884.2973709106445,0.0
1758588979,0,MQTT,CONNECT,0.000000,0.000000,0,0,0,0,0,0,0,0,0,0,0,3,0,120.0,115.81826210021973,107.10549354553223,120.51010131835938,0.0
1758588979,0,MQTT,DISCONNECT,0.000000,0.000000,0,0,0,0,0,0,0,0,0,0,0,5,0,881.798505783081,883.2485675811768,881.798505783081,884.2973709106445,0.0
1758588979,0,,Aggregated,0.000000,0.000000,0,0,0,0,0,0,0,0,0,0,0,8,0,880.0,595.4622030258179,107.10549354553223,884.2973709106445,0.0
1758588980,0,MQTT,CONNECT,0.000000,0.000000,0,0,0,0,0,0,0,0,0,0,0,3,0,120.0,115.81826210021973,107.10549354553223,120.51010131835938,0.0
1758588980,0,MQTT,DISCONNECT,0.000000,0.000000,0,0,0,0,0,0,0,0,0,0,0,5,0,881.798505783081,883.2485675811768,881.798505783081,884.2973709106445,0.0
1758588980,0,,Aggregated,0.000000,0.000000,0,0,0,0,0,0,0,0,0,0,0,8,0,880.0,595.4622030258179,107.10549354553223,884.2973709106445,0.0
1758588981,0,MQTT,CONNECT,0.000000,0.000000,0,0,0,0,0,0,0,0,0,0,0,3,0,120.0,115.81826210021973,107.10549354553223,120.51010131835938,0.0
1758588981,0,MQTT,DISCONNECT,0.000000,0.000000,0,0,0,0,0,0,0,0,0,0,0,5,0,881.798505783081,883.2485675811768,881.798505783081,884.2973709106445,0.0
1758588981,0,,Aggregated,0.000000,0.000000,0,0,0,0,0,0,0,0,0,0,0,8,0,880.0,595.4622030258179,107.10549354553223,884.2973709106445,0.0
1758588982,0,MQTT,CONNECT,0.000000,0.000000,0,0,0,0,0,0,0,0,0,0,0,3,0,120.0,115.81826210021973,107.10549354553223,120.51010131835938,0.0
1758588982,0,MQTT,DISCONNECT,0.000000,0.000000,0,0,0,0,0,0,0,0,0,0,0,5,0,881.798505783081,883.2485675811768,881.798505783081,884.2973709106445,0.0
1758588982,0,,Aggregated,0.000000,0.000000,0,0,0,0,0,0,0,0,0,0,0,8,0,880.0,595.4622030258179,107.10549354553223,884.2973709106445,0.0
1758588983,0,MQTT,CONNECT,0.000000,0.000000,0,0,0,0,0,0,0,0,0,0,0,3,0,120.0,115.81826210021973,107.10549354553223,120.51010131835938,0.0
1758588983,0,MQTT,DISCONNECT,0.000000,0.000000,0,0,0,0,0,0,0,0,0,0,0,5,0,881.798505783081,883.2485675811768,881.798505783081,884.2973709106445,0.0
1758588983,0,,Aggregated,0.000000,0.000000,0,0,0,0,0,0,0,0,0,0,0,8,0,880.0,595.4622030258179,107.10549354553223,884.2973709106445,0.0
1758588984,0,MQTT,CONNECT,0.000000,0.000000,0,0,0,0,0,0,0,0,0,0,0,3,0,120.0,115.81826210021973,107.10549354553223,120.51010131835938,0.0
1758588984,0,MQTT,DISCONNECT,0.000000,0.000000,0,0,0,0,0,0,0,0,0,0,0,5,0,881.798505783081,883.2485675811768,881.798505783081,884.2973709106445,0.0
1758588984,0,,Aggregated,0.000000,0.000000,0,0,0,0,0,0,0,0,0,0,0,8,0,880.0,595.4622030258179,107.10549354553223,884.2973709106445,0.0
1758588985,0,MQTT,CONNECT,0.000000,0.000000,0,0,0,0,0,0,0,0,0,0,0,3,0,120.0,115.81826210021973,107.10549354553223,120.51010131835938,0.0
1758588985,0,MQTT,DISCONNECT,0.000000,0.000000,0,0,0,0,0,0,0,0,0,0,0,5,0,881.798505783081,883.2485675811768,881.798505783081,884.2973709106445,0.0
1758588985,0,,Aggregated,0.000000,0.000000,0,0,0,0,0,0,0,0,0,0,0,8,0,880.0,595.4622030258179,107.10549354553223,884.2973709106445,0.0
1758588986,0,MQTT,CONNECT,0.000000,0.000000,0,0,0,0,0,0,0,0,0,0,0,3,0,120.0,115.81826210021973,107.10549354553223,120.51010131835938,0.0
1758588986,0,MQTT,DISCONNECT,0.000000,0.000000,0,0,0,0,0,0,0,0,0,0,0,5,0,881.798505783081,883.2485675811768,881.798505783081,884.2973709106445,0.0
1758588986,0,,Aggregated,0.000000,0.000000,0,0,0,0,0,0,0,0,0,0,0,8,0,880.0,595.4622030258179,107.10549354553223,884.2973709106445,0.0
1758588987,0,MQTT,CONNECT,0.000000,0.000000,0,0,0,0,0,0,0,0,0,0,0,3,0,120.0,115.81826210021973,107.10549354553223,120.51010131835938,0.0
1758588987,0,MQTT,DISCONNECT,0.000000,0.000000,0,0,0,0,0,0,0,0,0,0,0,5,0,881.798505783081,883.2485675811768,881.798505783081,884.2973709106445,0.0
1758588987,0,,Aggregated,0.000000,0.000000,0,0,0,0,0,0,0,0,0,0,0,8,0,880.0,595.4622030258179,107.10549354553223,884.2973709106445,0.0
1758588988,0,MQTT,CONNECT,0.000000,0.000000,0,0,0,0,0,0,0,0,0,0,0,3,0,120.0,115.81826210021973,107.10549354553223,120.51010131835938,0.0
1758588988,0,MQTT,DISCONNECT,0.000000,0.000000,0,0,0,0,0,0,0,0,0,0,0,5,0,881.798505783081,883.2485675811768,881.798505783081,884.2973709106445,0.0
1758588988,0,,Aggregated,0.000000,0.000000,0,0,0,0,0,0,0,0,0,0,0,8,0,880.0,595.4622030258179,107.10549354553223,884.2973709106445,0.0
1758588989,0,MQTT,CONNECT,0.000000,0.000000,0,0,0,0,0,0,0,0,0,0,0,3,0,120.0,115.81826210021973,107.10549354553223,120.51010131835938,0.0
1758588989,0,MQTT,DISCONNECT,0.000000,0.000000,0,0,0,0,0,0,0,0,0,0,0,5,0,881.798505783081,883.2485675811768,881.798505783081,884.2973709106445,0.0
1758588989,0,,Aggregated,0.000000,0.000000,0,0,0,0,0,0,0,0,0,0,0,8,0,880.0,595.4622030258179,107.10549354553223,884.2973709106445,0.0
1758588990,0,MQTT,CONNECT,0.000000,0.000000,0,0,0,0,0,0,0,0,0,0,0,3,0,120.0,115.81826210021973,107.10549354553223,120.51010131835938,0.0
1758588990,0,MQTT,DISCONNECT,0.000000,0.000000,0,0,0,0,0,0,0,0,0,0,0,5,0,881.798505783081,883.2485675811768,881.798505783081,884.2973709106445,0.0
1758588990,0,,Aggregated,0.000000,0.000000,0,0,0,0,0,0,0,0,0,0,0,8,0,880.0,595.4622030258179,107.10549354553223,884.2973709106445,0.0
1758588991,0,MQTT,CONNECT,0.000000,0.000000,0,0,0,0,0,0,0,0,0,0,0,3,0,120.0,115.81826210021973,107.10549354553223,120.51010131835938,0.0
1758588991,0,MQTT,DISCONNECT,0.000000,0.000000,0,0,0,0,0,0,0,0,0,0,0,5,0,881.798505783081,883.2485675811768,881.798505783081,884.2973709106445,0.0
1758588991,0,,Aggregated,0.000000,0.000000,0,0,0,0,0,0,0,0,0,0,0,8,0,880.0,595.4622030258179,107.10549354553223,884.2973709106445,0.0
1758588992,0,MQTT,CONNECT,0.000000,0.000000,0,0,0,0,0,0,0,0,0,0,0,3,0,120.0,115.81826210021973,107.10549354553223,120.51010131835938,0.0
1758588992,0,MQTT,DISCONNECT,0.000000,0.000000,0,0,0,0,0,0,0,0,0,0,0,5,0,881.798505783081,883.2485675811768,881.798505783081,884.2973709106445,0.0
1758588992,0,,Aggregated,0.000000,0.000000,0,0,0,0,0,0,0,0,0,0,0,8,0,880.0,595.4622030258179,107.10549354553223,884.2973709106445,0.0
1758588993,0,MQTT,CONNECT,0.000000,0.000000,0,0,0,0,0,0,0,0,0,0,0,3,0,120.0,115.81826210021973,107.10549354553223,120.51010131835938,0.0
1758588993,0,MQTT,DISCONNECT,0.000000,0.000000,0,0,0,0,0,0,0,0,0,0,0,5,0,881.798505783081,883.2485675811768,881.798505783081,884.2973709106445,0.0
1758588993,0,,Aggregated,0.000000,0.000000,0,0,0,0,0,0,0,0,0,0,0,8,0,880.0,595.4622030258179,107.10549354553223,884.2973709106445,0.0
1758588994,0,MQTT,CONNECT,0.000000,0.000000,0,0,0,0,0,0,0,0,0,0,0,3,0,120.0,115.81826210021973,107.10549354553223,120.51010131835938,0.0
1758588994,0,MQTT,DISCONNECT,0.000000,0.000000,0,0,0,0,0,0,0,0,0,0,0,5,0,881.798505783081,883.2485675811768,881.798505783081,884.2973709106445,0.0
1758588994,0,,Aggregated,0.000000,0.000000,0,0,0,0,0,0,0,0,0,0,0,8,0,880.0,595.4622030258179,107.10549354553223,884.2973709106445,0.0
1758588995,0,MQTT,CONNECT,0.000000,0.000000,0,0,0,0,0,0,0,0,0,0,0,3,0,120.0,115.81826210021973,107.10549354553223,120.51010131835938,0.0
1758588995,0,MQTT,DISCONNECT,0.000000,0.000000,0,0,0,0,0,0,0,0,0,0,0,5,0,881.798505783081,883.2485675811768,881.798505783081,884.2973709106445,0.0
1758588995,0,,Aggregated,0.000000,0.000000,0,0,0,0,0,0,0,0,0,0,0,8,0,880.0,595.4622030258179,107.10549354553223,884.2973709106445,0.0
1758588996,0,MQTT,CONNECT,0.000000,0.000000,0,0,0,0,0,0,0,0,0,0,0,3,0,120.0,115.81826210021973,107.10549354553223,120.51010131835938,0.0
1758588996,0,MQTT,DISCONNECT,0.000000,0.000000,0,0,0,0,0,0,0,0,0,0,0,5,0,881.798505783081,883.2485675811768,881.798505783081,884.2973709106445,0.0
1758588996,0,,Aggregated,0.000000,0.000000,0,0,0,0,0,0,0,0,0,0,0,8,0,880.0,595.4622030258179,107.10549354553223,884.2973709106445,0.0
1758588997,0,MQTT,CONNECT,0.000000,0.000000,0,0,0,0,0,0,0,0,0,0,0,3,0,120.0,115.81826210021973,107.10549354553223,120.51010131835938,0.0
1758588997,0,MQTT,DISCONNECT,0.000000,0.000000,0,0,0,0,0,0,0,0,0,0,0,5,0,881.798505783081,883.2485675811768,881.798505783081,884.2973709106445,0.0
1758588997,0,,Aggregated,0.000000,0.000000,0,0,0,0,0,0,0,0,0,0,0,8,0,880.0,595.4622030258179,107.10549354553223,884.2973709106445,0.0
1758588998,0,MQTT,CONNECT,0.000000,0.000000,0,0,0,0,0,0,0,0,0,0,0,3,0,120.0,115.81826210021973,107.10549354553223,120.51010131835938,0.0
1758588998,0,MQTT,DISCONNECT,0.000000,0.000000,0,0,0,0,0,0,0,0,0,0,0,5,0,881.798505783081,883.2485675811768,881.798505783081,884.2973709106445,0.0
1758588998,0,,Aggregated,0.000000,0.000000,0,0,0,0,0,0,0,0,0,0,0,8,0,880.0,595.4622030258179,107.10549354553223,884.2973709106445,0.0
1758588999,0,MQTT,CONNECT,0.000000,0.000000,0,0,0,0,0,0,0,0,0,0,0,3,0,120.0,115.81826210021973,107.10549354553223,120.51010131835938,0.0
1758588999,0,MQTT,DISCONNECT,0.000000,0.000000,0,0,0,0,0,0,0,0,0,0,0,5,0,881.798505783081,883.2485675811768,881.798505783081,884.2973709106445,0.0
1758588999,0,,Aggregated,0.000000,0.000000,0,0,0,0,0,0,0,0,0,0,0,8,0,880.0,595.4622030258179,107.10549354553223,884.2973709106445,0.0
1758589000,0,MQTT,CONNECT,0.000000,0.000000,0,0,0,0,0,0,0,0,0,0,0,3,0,120.0,115.81826210021973,107.10549354553223,120.51010131835938,0.0
1758589000,0,MQTT,DISCONNECT,0.000000,0.000000,0,0,0,0,0,0,0,0,0,0,0,5,0,881.798505783081,883.2485675811768,881.798505783081,884.2973709106445,0.0
1758589000,0,,Aggregated,0.000000,0.000000,0,0,0,0,0,0,0,0,0,0,0,8,0,880.0,595.4622030258179,107.10549354553223,884.2973709106445,0.0
1758589001,0,MQTT,CONNECT,0.000000,0.000000,0,0,0,0,0,0,0,0,0,0,0,3,0,120.0,115.81826210021973,107.10549354553223,120.51010131835938,0.0
1758589001,0,MQTT,DISCONNECT,0.000000,0.000000,0,0,0,0,0,0,0,0,0,0,0,5,0,881.798505783081,883.2485675811768,881.798505783081,884.2973709106445,0.0
1758589001,0,,Aggregated,0.000000,0.000000,0,0,0,0,0,0,0,0,0,0,0,8,0,880.0,595.4622030258179,107.10549354553223,884.2973709106445,0.0
1758589002,0,MQTT,CONNECT,0.000000,0.000000,0,0,0,0,0,0,0,0,0,0,0,3,0,120.0,115.81826210021973,107.10549354553223,120.51010131835938,0.0
1758589002,0,MQTT,DISCONNECT,0.000000,0.000000,0,0,0,0,0,0,0,0,0,0,0,5,0,881.798505783081,883.2485675811768,881.798505783081,884.2973709106445,0.0
1758589002,0,,Aggregated,0.000000,0.000000,0,0,0,0,0,0,0,0,0,0,0,8,0,880.0,595.4622030258179,107.10549354553223,884.2973709106445,0.0
1758589003,0,MQTT,CONNECT,0.000000,0.000000,0,0,0,0,0,0,0,0,0,0,0,3,0,120.0,115.81826210021973,107.10549354553223,120.51010131835938,0.0
1758589003,0,MQTT,DISCONNECT,0.000000,0.000000,0,0,0,0,0,0,0,0,0,0,0,5,0,881.798505783081,883.2485675811768,881.798505783081,884.2973709106445,0.0
1758589003,0,,Aggregated,0.000000,0.000000,0,0,0,0,0,0,0,0,0,0,0,8,0,880.0,595.4622030258179,107.10549354553223,884.2973709106445,0.0
